Time,Combined
734,0.096507406
740,0.136631562
745,0.179403138
