Time,Combined
734,0.060752722
740,0.096617041
745,0.132688313
