Time,CH4 Segment 1,Time,CH4 Segment 2,Time,CH4 Segment 3
0,0.001016408,0,0.000946471,0,0.001024878
723,0.017045633,725,0.007881033,726,0.008843204
