Time,N2O Segment 1,Time,N2O Segment 2,Time,N2O Segment 3
0,0,0,0,0,0
723,0.066376824,725,0.01626085,726,0.017935246
