Time,Combined
719,0.135525453
725,0.158590171
729,0.199466942
738,0.22883546
786,0.304577336
859,0.313334155
