Time,Combined
731,0.039187479
736,0.049270056
744,0.082287196
748,0.093213434
794,0.154481833
870,0.177305114
