Time,Combined
731,0.029438695
736,0.044781583
744,0.088470552
748,0.104327102
794,0.201812163
870,0.279801023
