Time,Combined
739,0.124773257
744,0.142356903
751,0.160354296
789,0.223131528
868,0.245461479
