Time,CH4 Segment 1,Time,CH4 Segment 2,Time,CH4 Segment 3
0,0.001403884,0,0.001270329,0,0.001365228
31,0.002391738,68,0.00217214,93,0.002302549
124,0.003444524,151,0.003072158,183,0.003183482
212,0.003369641,240,0.003007629,271,0.003142635
301,0.003446288,330,0.003359073,360,0.004121953
391,0.005144396,422,0.005793965,450,0.007362613
527,0.01592796,560,0.01553842,587,0.01950713
616,0.024085876,648,0.025990514,678,0.029798272
725,0.03776788,728,0.031883097,729,0.035924396
