Time,Combined
739,0.1214326
744,0.139634235
751,0.156065288
789,0.211064176
868,0.226656656
