Time,Combined
719,0.090866788
725,0.107159524
729,0.135730027
738,0.159095328
786,0.215755389
859,0.229391688
